M-8120/2;Carcinome à cellules transitionnelles in situ;
M-8120/3;Carcinome à cellules transitionnelles, SAI;
M-8121/0;Papillome schneidérien, SAI (C30.0, C31.-);
M-8121/1;Papillome transitionnel inversé, SAI;
M-8121/3;Carcinome schneidérien (C30.0, C31.-);
M-8122/3;Carcinome transitionnel à cellules fusiformes;
M-8123/3;Carcinome basaloïde;
M-8124/3;Tumeur cloacale maligne (C21.2);
M-8130/1;Tumeur transitionnelle papillaire à faible potentiel malin (C67.-);
M-8130/2;Carcinome transitionnel papillaire non invasif (C67.-);
M-8130/3;Carcinome transitionnel papillaire (C67.-);
M-8131/3;Carcinome transitionnel micro-papillaire (C67.-);
M-8140/0;Adénome, SAI;
M-8140/1;Adénome atypique;
M-8140/2;Adénocarcinome in situ, SAI;
M-8140/3;Adénocarcinome, SAI;
M-8140/6;Adénocarcinome métastatique, SAI;
M-8141/3;Adénocarcinome squirrheux;
M-8142/3;Linite plastique (C16.-);
M-8143/3;Adénocarcinome à extension superficielle;
M-8144/3;Adénocarcinome de type intestinal (C16.-);
M-8145/3;Carcinome de type diffus (C16.-);
M-8146/0;Adénome monomorphe;
M-8147/0;Adénome basocellulaire;
M-8147/3;Adénocarcinome basocellulaire;
M-8148/2;Néoplasie  glandulaire intraépithéliale, grade III;
M-8149/0;Adénome canaliculaire;
M-8150/0;Adénome insulaire, SAI (C25.-);
M-8150/1;Tumeur à cellules insulaires, SAI (C25.-);
M-8150/3;Carcinome insulaire du pancréas (C25.-);
M-8151/0;Insulinome, SAI (C25.-);
M-8151/3;Insulinome malin (C25.-);
M-8152/1;Glucagonome, SAI (C25.-);
M-8152/3;Glucagonome malin (C25.-);
M-8153/1;Gastrinome, SAI;
M-8153/3;Gastrinome malin;
M-8154/3;Adénocarcinome à cellules insulaires et à cellules exocrines (C25.-);
M-8155/1;Vipome, SAI;
M-8155/3;Vipome malin;
M-8156/1;Somatostatinome, SAI;
M-8156/3;Somatostatinome malin;
M-8157/1;Entéroglucagonome, SAI;
M-8157/3;Entéroglucagonome malin;
M-8160/0;Cholangiome bénin (C22.1, C24.0);
M-8160/3;Cholangiocarcinome (C22.1, C24.0);
M-8161/0;Cystadénome biliaire (C22.1, C24.0);
M-8161/3;Cystadénocarcinome biliaire (C22.1, C24.0);
M-8162/3;Tumeur de Klatskin (C22.1, C24.0);
M-8170/0;Hépatome bénin (C22.0);
M-8170/3;Carcinome hépatocellulaire, SAI (C22.0);
M-8171/3;Carcinome hépatocellulaire fibrolamellaire (C22.0);
M-8172/3;Carcinome hépatocellulaire squirrheux (C22.0);
M-8173/3;Carcinome hépatocellulaire, variante à cellules fusiformes (C22.0);
M-8174/3;Carcinome hépatocellulaire à cellules claires (C22.0);
M-8175/3;Carcinome hépatocellulaire pléomorphe (C22.0);
M-8180/3;Carcinome hépatocellulaire et cholangiocarcinome combinés (C22.0);
M-8190/0;Adénome trabéculaire;
M-8190/3;Adénocarcinome trabéculaire, SAI;
M-8191/0;Adénome embryonnaire;
M-8200/0;Cylindrome eccrine dermique (C44.-);
M-8200/3;Carcinome adénoïde kystique;
M-8201/2;Carcinome cribriforme intra-épithélial (C50.-);
M-8201/3;Carcinome cribriforme, SAI;
M-8202/0;Adénome microkystique (C25.-);
M-8204/0;Adénome de lactation (C50.-);
M-8210/0;Polype adénomateux, SAI;
M-8210/2;Adénocarcinome in situ sur polype adénomateux;
M-8210/3;Adénocarcinome sur polyadénome;
M-8211/0;Adénome tubuleux, SAI;
M-8211/3;Adénocarcinome tubuleux;
M-8212/0;Adénome plat;
M-8213/0;Adénome dentelé (C18.-);
M-8214/3;Carcinome à cellules pariétales (C16.-);
M-8215/3;Adénocarcinome des glandes anales (C21.1);
M-8220/0;Adénomatose polypoïde du côlon (C18.-);
M-8220/3;Adénocarcinome sur adénomatose polypoïde du côlon (C18.-);
M-8221/0;Polypose multiple;
M-8221/3;Adénocarcinome sur polypes adénomateux multiples;
M-8230/2;Carcinome canalaire intraépithélial solide (C50.-);
M-8230/3;Carcinome solide, SAI;
M-8231/3;Carcinome simplex;
M-8240/1;Tumeur carcinoïde de potentiel malin incertain;
M-8240/3;Tumeur carcinoïde , SAI (sauf appendice,r M-8240/1);
M-8241/3;Carcinoïde malin à cellules entérochromaffines;
M-8242/1;Carcinoïde à cellules entérochromaffinoïdes, SAI;
M-8242/3;Carcinoïde malin à cellules entérochromaffinoïdes;
M-8243/3;Tumeur maligne mucocarcinoïde;
M-8244/3;Tumeur carcinoïde mixte;
M-8245/1;Carcinoïde tubuleux;
M-8245/3;Tumeur adénocarcinoïde;
M-8000/0;Tumeur bénigne;
M-8000/1;Tumeur de bénignité ou de malignité non assurée;
M-8000/3;Tumeur maligne, SAI;
M-8000/6;Tumeur métastatique;
M-8000/9;Tumeur maligne de nature primaire ou secondaire non assurée;
M-8001/0;Cellules tumorales bénignes;
M-8001/1;Cellules tumorales de bénignité ou de malignité non assurée;
M-8001/3;Cellules tumorales malignes;
M-8002/3;Tumeur maligne à petites cellules;
M-8003/3;Tumeur maligne à grandes cellules;
M-8004/3;Tumeur maligne à cellules fusiformes;
M-8005/0;Tumeur à cellules claires, SAI;
M-8005/3;Tumeur maligne à cellules claires;
M-8010/0;Tumeur épithéliale bénigne;
M-8010/2;Carcinome in situ, SAI;
M-8010/3;Carcinome, SAI;
M-8010/6;Carcinome métastatique, SAI;
M-8010/9;Carcinomatose;
M-8011/0;Épithéliome bénin;
M-8011/3;Épithéliome malin;
M-8012/3;Carcinome à grandes cellules, SAI;
M-8013/3;Carcinome neuroendocrinien à grandes cellules;
M-8014/3;Carcinome à grandes cellules avec un phénotype rhabdoïde;
M-8015/3;Carcinome à cellules hyalines;
M-8020/3;Carcinome indifférencié, SAI;
M-8021/3;Carcinome anaplasique, SAI;
M-8022/3;Carcinome pléomorphe;
M-8030/3;Carcinome à cellules géantes et à cellules fusiformes;
M-8031/3;Carcinome à cellules géantes;
M-8032/3;Carcinome à cellules fusiformes, SAI;
M-8033/3;Carcinome pseudosarcomateux;
M-8034/3;Carcinome à cellules polygonales;
M-8035/3;Carcinome à cellules géantes ostéoclastiformes;
M-8040/0;Tumorlet bénin;
M-8040/1;Tumorlet, SAI;
M-8041/3;Carcinome à petites cellules, SAI;
M-8042/3;Carcinome à cellules en grain d’avoine (C34.-);
M-8043/3;Carcinome à petites cellules fusiformes;
M-8044/3;Carcinome à petites cellules intermédiaires;
M-8045/3;Carcinome mixte à petites cellules;
M-8046/3;Carcinome non à petites cellules (C34.-);
M-8050/0;Papillome, SAI (à l’exclusion du papillome de la vessie M-8120/1);
M-8050/2;Carcinome papillaire in situ;
M-8050/3;Carcinome papillaire, SAI;
M-8051/0;Papillome verruqueux;
M-8051/3;Carcinome verruqueux, SAI;
M-8052/0;Papillome spinocellulaire, SAI;
M-8052/2;Carcinome épidermoïde papillaire non invasif;
M-8052/3;Carcinome épidermoïde papillaire;
M-8053/0;Papillome épidermoïde inversé;
M-8060/0;Papillomatose épidermoïde;
M-8070/2;Carcinome épidermoïde in situ, SAI;
M-8070/3;Carcinome épidermoïde, SAI;
M-8070/6;Carcinome épidermoïde, métastatique, SAI;
M-8071/3;Carcinome épidermoïde kératinisant, SAI;
M-8072/3;Carcinome épidermoïde non kératinisant, à grandes cellules, SAI;
M-8073/3;Carcinome épidermoïde non kératinisant, à petites cellules;
M-8074/3;Carcinome épidermoïde à cellules fusiformes;
M-8075/3;Carcinome épidermoïde pseudo-glandulaire;
M-8076/2;Carcinome épidermoïde in situ avec possibilité d’envahissement du stroma;
M-8076/3;Carcinome épidermoïde micro-invasif;
M-8077/2;Néoplasie intraépithéliale, grade III (voir règles de codage, page x);
M-8078/3;Carcinome épidermoïde avec formation d’une corne cutanée;
M-8080/2;Érythroplasie de Queyrat (C60.-);
M-8081/2;Maladie de Bowen (C44.-);
M-8082/3;Carcinome lymphoépithélial;
M-8083/3;Carcinome épidermoïde basaloïde;
M-8084/3;Carcinome épidermoïde à cellules claires;
M-8090/1;Tumeur basocellulaire (C44.-);
M-8090/3;Carcinome basocellulaire, SAI (C44.-);
M-8091/3;Carcinome basocellulaire superficiel multifocal (C44.-);
M-8092/3;Carcinome basocellulaire infiltrant, SAI (C44.-);
M-8093/3;Carcinome basocellulaire fibro-épithélial (C44.-);
M-8094/3;Carcinome basospinocellulaire (C44.-);
M-8095/3;Carcinome intermédiaire (C44.-);
M-8096/0;Épithéliome intra-épidermique de Borst et Jadassohn (C44.-);
M-8097/3;Carcinome basocellulaire nodulaire (C44.-);
M-8098/3;Carcinome basocellulaire adénoïde (C53.-);
M-8100/0;Trichoépithéliome (C44.-);
M-8101/0;Trichofolliculome (C44.-);
M-8102/0;Trichilemmome (C44.-);
M-8102/3;Trichilemmocarcinome (C44.-);
M-8103/0;Tumeur pilaire (C44.-);
M-8110/0;Pilomatrixome, SAI (C44.-);
M-8110/3;Carcinome pilomatriciel (C44.-);
M-8120/0;Papillome bénin à cellules transitionnelles;
M-8120/1;Papillome à cellules transitionnelles, SAI;
M-8246/3;Carcinome neuroendocrinien, SAI;
M-8247/3;Carcinome à cellules de Merkel (C44.-);
M-8248/1;Apudome;
M-8249/3;Tumeur carcinoïde maligne atypique;
M-8250/1;Adénomatose pulmonaire (C34.-);
M-8250/3;Adénocarcinome bronchioloalvéolaire, SAI (C34.-);
M-8251/0;Adénome alvéolaire (C34.-);
M-8251/3;Adénocarcinome alvéolaire (C34.-);
M-8252/3;Carcinome bronchioloalvéolaire non mucineux (C34.-);
M-8253/3;Carcinome bronchioloalvéolaire mucineux (C34.-);
M-8254/3;Carcinome bronchioloalvéolaire mixte mucineux et non mucineux (C34.-);
M-8255/3;Adénocarcinome avec sous-types mixtes;
M-8260/0;Adénome papillaire, SAI;
M-8260/3;Adénocarcinome papillaire, SAI;
M-8261/0;Adénome villeux;
M-8261/2;Adénocarcinome in situ sur adénome villeux;
M-8261/3;Adénocarcinome sur adénome villeux;
M-8262/3;Adénocarcinome villeux;
M-8263/0;Adénome tubulovilleux, SAI;
M-8263/2;Adénocarcinome in situ sur adénome tubulovilleux;
M-8263/3;Adénocarcinome sur adénome tubulovilleux;
M-8264/0;Papillomatose glandulaire;
M-8270/0;Adénome chromophobe (C75.1);
M-8270/3;Adénocarcinome chromophobe (C75.1);
M-8271/0;Prolactinome (C75.1);
M-8272/0;Adénome pituitaire, SAI (C75.1);
M-8272/3;Carcinome pituitaire, SAI (C75.1);
M-8280/0;Adénome acidophile (C75.1);
M-8280/3;Adénocarcinome éosinophile (C75.1);
M-8281/0;Adénome mixte acidophile et basophile (C75.1);
M-8281/3;Adénocarcinome mixte acidophile et basophile (C75.1);
M-8290/0;Adénome oxyphile;
M-8290/3;Adénocarcinome oxyphile;
M-8300/0;Adénome basophile (C75.1);
M-8300/3;Adénocarcinome à cellules basophiles (C75.1);
M-8310/0;Adénome à cellules claires;
M-8310/3;Adénocarcinome à cellules claires, SAI;
M-8311/1;Tumeur hypernéphroïde [obs];
M-8312/3;Carcinome à cellules rénales, SAI (C64.9);
M-8313/0;Adénofibrome à cellules claires (C56.9);
M-8313/1;Adénofibrome à cellules claires à la limite de la malignité (C56.9);
M-8313/3;Adénocarcinofibrome à cellules claires (C56.9);
M-8314/3;Carcinome riche en lipides (C50.-);
M-8315/3;Carcinome riche en glycogènes (C50.-);
M-8316/3;Carcinome à cellules rénales associé à un kyste (C64.9);
M-8317/3;Carcinome à cellules rénales chromophobes (C64.9);
M-8318/3;Carcinome à cellules rénales sarcomatoïde (C64.9);
M-8319/3;Carcinome des tubes droits du rein (C64.9);
M-8320/3;Carcinome à cellules granuleuses;
M-8321/0;Adénome à cellules principales (C75.0);
M-8322/0;Adénome à cellules eau de roche (C75.0);
M-8322/3;Adénocarcinome à cellules eau de roche (C75.0);
M-8323/0;Adénome à cellules mixtes;
M-8323/3;Adénocarcinome à cellules mixtes;
M-8324/0;Adénolipome;
M-8325/0;Adénome métanéphrique (C64.9);
M-8330/0;Adénome vésiculaire (C73.9);
M-8330/1;Adénome vésiculaire atypique (C73.9);
M-8330/3;Adénocarcinome vésiculaire, SAI (C73.9);
M-8331/3;Adénocarcinome vésiculaire bien différencié (C73.9);
M-8332/3;Adénocarcinome vésiculaire trabéculaire (C73.9);
M-8333/0;Adénome microvésiculaire, SAI (C73.9);
M-8333/3;Adénocarcinome foetal;
M-8334/0;Adénome macrovésiculaire (C73.9);
M-8335/3;Carcinome vésiculaire microinvasif (C73.9);
M-8336/0;Adénome trabéculaire hyalinisant (C73.9);
M-8337/3;Carcinome insulaire (C73.9);
M-8340/3;Carcinome papillaire, variante vésiculaire (C73.9);
M-8341/3;Microcarcinome papillaire (C73.9);
M-8342/3;Carcinome papillaire à cellule  oxyphile (C73.9);
M-8343/3;Carcinome papillaire encapsulé (C73.9);
M-8344/3;Carcinome papillaire à cellules cylindriques (C73.9);
M-8345/3;Carcinome médullaire à stroma amyloïde (C73.9);
M-8346/3;Carcinome mixte médullaire et vésiculaire (C73.9);
M-8347/3;Carcinome mixte médullaire et papillaire (C73.9);
M-8350/3;Carcinome sclérosant non encapsulé (C73.9);
M-8360/1;Adénomatose endocrinienne multiple;
M-8361/0;Tumeur juxtaglomérulaire (C64.9);
M-8370/0;Adénome corticosurrénalien, SAI (C74.0);
M-8370/3;Corticosurrénalome malin (C74.0);
M-8371/0;Adénome corticosurrénalien à cellules compactes (C74.0);
M-8372/0;Adénome corticosurrénalien pigmenté (C74.0);
M-8373/0;Adénome corticosurrénalien à cellules claires (C74.0);
M-8374/0;Adénome corticosurrénalien à cellules glomérulaires (C74.0);
M-8375/0;Adénome corticosurrénalien à cellules mixtes (C74.0);
M-8380/0;Adénome endométrioïde, SAI;
M-8380/1;Adénome endométrioïde à la limite de la malignité;
M-8380/3;Adénocarcinome endométrioïde, SAI;
M-8381/0;Adénofibrome endométrioïde, SAI;
M-8381/1;Adénofibrome endométrioïde à la limite de la malignité;
M-8381/3;Adénofibrome endométrioïde malin;
M-8382/3;Adénocarcinome endométrioïde, variante sécrétoire;
M-8383/3;Adénocarcinome endométrioïde, variante à cellules ciliées;
M-8384/3;Adénocarcinome de type endocervical;
M-8390/0;Adénome des annexes cutanées (C44.-);
M-8390/3;Carcinome des annexes cutanées (C44.-);
M-8391/0;Fibrome folliculaire (C44.-);
M-8392/0;Syringofibroadénome (C44.-);
M-8400/0;Adénome des glandes sudoripares (C44.-);
M-8400/1;Tumeur des glandes sudoripares, SAI (C44.-);
M-8400/3;Adénocarcinome des glandes sudoripares (C44.-);
M-8401/0;Adénome apocrine;
M-8401/3;Adénocarcinome apocrine;
M-8402/0;Hidradénome nodulaire (C44.-);
M-8402/3;Hidradénome nodulaire malin (C44.-);
M-8403/0;Spiradénome eccrine (C44.-);
M-8403/3;Spiradénome eccrine malin (C44.-);
M-8404/0;Hidrocystome (C44.-);
M-8405/0;Hidradénome papillaire;
M-8406/0;Syringoadénome papillaire (C44.-);
M-8407/0;Syringome, SAI (C44.-);
M-8407/3;Carcinome sclérosant d’un canal sudorifère (C44.-);
M-8408/0;Adénome papillaire eccrine (C44.-);
M-8408/1;Adénome papillaire digital agressif (C44.-);
M-8408/3;Adénocarcinome papillaire eccrine (C44.-);
M-8409/0;Porome eccrine (C44.-);
M-8409/3;Porome eccrine malin;
M-8410/0;Adénome sébacé (C44.-);
M-8410/3;Adénocarcinome sébacé (C44.-);
M-8413/3;Adénocarcinome eccrine (C44.-);
M-8420/0;Adénome cérumineux (C44.2);
M-8420/3;Adénocarcinome cérumineux (C44.2);
M-8430/1;Tumeur muco-épidermoïde [obs];
M-8430/3;Carcinome muco-épidermoïde;
M-8440/0;Cystadénome, SAI;
M-8440/3;Cystadénocarcinome, SAI;
M-8441/0;Cystadénome séreux, SAI;
M-8441/3;Cystadénocarcinome séreux, SAI (C56.9);
M-8442/1;Cystadénome séreux à la limite de la malignité (C56.9);
M-8443/0;Cystadénome à cellules claires (C56.9);
M-8444/1;Tumeur kystique à cellules claires à la limite de la malignité (C56.9);
M-8450/0;Cystadénome papillaire, SAI (C56.9);
M-8450/3;Cystadénocarcinome papillaire, SAI (C56.9);
M-8451/1;Cystadénome papillaire à la limite de la malignité (C56.9);
M-8452/1;Tumeur pseudopapillaire solide (C25.-);
M-8452/3;Carcinome pseudopapillaire solide (C25.-);
M-8453/0;Adénome intracanalaire mucineux et papillaire (C25.-);
M-8453/1;Tumeur intracanalaire mucineuse et papillaire avec dysplasie modérée (C25.-);
M-8453/2;Carcinome intracanalaire mucineux et papillaire, non invasif (C25.-);
M-8453/3;Carcinome intracanalaire mucineux et papillaire, invasif (C25.-);
M-8454/0;Tumeur kystique du nœud auriculo-ventriculaire (C38.0);
M-8460/0;Cystadénome séreux papillaire, SAI (C56.9);
M-8460/3;Cystadénocarcinome séreux papillaire (C56.9);
M-8461/0;Papillome séreux de surface,  (C56.9);
M-8461/3;Carcinome séreux papillaire de surface (C56.9);
M-8462/1;Tumeur kystique séreuse papillaire à la limite de la malignité (C56.9);
M-8463/1;Tumeur séreuse papillaire de surface à la limite de la malignité (C56.9);
M-8470/0;Cystadénome mucineux, SAI (C56.9);
M-8470/1;Tumeur kystique mucineuse avec dysplasie modérée (C25.-);
M-8470/2;Cystadénocarcinome mucineux, non invasif (C25.-);
M-8470/3;Cystadénocarcinome mucineux, SAI (C56.9);
M-8471/0;Cystadénome papillaire  mucineux, SAI (C56.9);
M-8471/3;Cystadénocarcinome papillaire mucineux (C56.9);
M-8472/1;Tumeur kystique mucineuse à la limite de la malignité (C56.9);
M-8473/1;Cystadénome papillaire mucineux à la limite de la malignité (C56.9);
M-8480/0;Adénome mucineux;
M-8480/3;Adénocarcinome colloïde;
M-8480/6;Pseudomyxome du péritoine;
M-8481/3;Adénocarcinome mucipare;
M-8482/3;Adénocarcinome mucineux de type endocervical;
M-8490/3;Adénocarcinome à cellules en bague à chaton;
M-8490/6;Carcinome métastatique à cellules en bague à chaton;
M-8500/2;Carcinome intracanalaire non infiltrant, SAI;
M-8500/3;Adénocarcinome canalaire infiltrant, SAI (C50.-);
M-8501/2;Comédocarcinome non infiltrant (C50.-);
M-8501/3;Comédocarcinome, SAI (C50.-);
M-8502/3;Carcinome juvénile du sein (C50.-);
M-8503/0;Papillome intracanalaire;
M-8503/2;Adénocarcinome papillaire intracanalaire non infiltrant (C50.-);
M-8503/3;Adénocarcinome papillaire intracanalaire infiltrant;
M-8504/0;Adénome papillaire intrakystique;
M-8504/2;Carcinome intrakystique non infiltrant;
M-8504/3;Carcinome intrakystique, SAI;
M-8505/0;Papillomatose intracanalaire, SAI;
M-8506/0;Adénomatose du mamelon (C50.0);
M-8507/2;Carcinome intracanalaire micropapillaire (C50.-);
M-8508/3;Carcinome hypersécrétoire kystique (C50.-);
M-8510/3;Carcinome médullaire, SAI;
M-8512/3;Carcinome médullaire à stroma lymphoïde;
M-8513/3;Carcinome médullaire atypique (C50.-);
M-8514/3;Carcinome canalaire de type desmoplasique;
M-8520/2;Carcinome lobulaire in situ, SAI (C50.-);
M-8520/3;Carcinome lobulaire, SAI (C50.-);
M-8521/3;Carcinome canaliculaire infiltrant (C50.-);
M-8522/2;Carcinome intracanalaire et carcinome lobulaire in situ (C50.-);
M-8522/3;Carcinome canalaire et lobulaire infiltrant (C50.-);
M-8523/3;Carcinome canalaire infiltrant avec autres types de carcinomes (C50.-);
M-8524/3;Carcinome lobulaire infiltrant avec autres types de carcinomes (C50.-);
M-8525/3;Adénocarcinome polymorphe de bas grade;
M-8530/3;Carcinome inflammatoire (C50.-);
M-8540/3;Maladie de Paget du sein (C50.-);
M-8541/3;Maladie de Paget et carcinome canalaire infiltrant du sein (C50.-);
M-8542/3;Maladie de Paget extramammaire (à l’exclusion de la maladie de Paget de l’os);
M-8543/3;Maladie de Paget et carcinome intracanalaire du sein (C50.-);
M-8550/0;Adénome à cellules acineuses;
M-8550/1;Tumeur à cellules acineuses [obs];
M-8550/3;Adénocarcinome à cellules acineuses;
M-8551/3;Cystadénocarcinome à cellules acineuses;
M-8560/0;Papillome mixte glandulaire et spinocellulaire;
M-8560/3;Carcinome adénosquameux;
M-8561/0;Adénolymphome (C07.-, C08.-);
M-8562/3;Carcinome épithélialmyoépithélial;
M-8570/3;Adénocarcinome avec métaplasie malpighienne;
M-8571/3;Adénocarcinome avec métaplasie cartilagineuse et osseuse;
M-8572/3;Adénocarcinome avec métaplasie fusocellulaire;
M-8573/3;Adénocarcinome avec métaplasie apocrine;
M-8574/3;Adénocarcinome avec différenciation neuroendocrinienne;
M-8575/3;Carcinome métaplasique, SAI;
M-8576/3;Adénocarcinome hépatoïde;
M-8580/0;Thymome bénin (C37.9);
M-8580/1;Thymome, SAI (C37.9);
M-8580/3;Thymome malin, SAI (C37.9);
M-8581/1;Thymome de type A, SAI (C37.9);
M-8581/3;Thymome malin de type A (C37.9);
M-8582/1;Thymome de type AB, SAI (C37.9);
M-8582/3;Thymome malin de type AB (C37.9);
M-8583/1;Thymome de type B1, SAI (C37.9);
M-8583/3;Thymome malin de type B1 (C37.9);
M-8584/1;Thymome de type B2, SAI (C37.9);
M-8584/3;Thymome malin de type B2 (C37.9);
M-8585/1;Thymome de type B3, SAI (C37.9);
M-8585/3;Thymome malin de type B3 (C37.9);
M-8586/3;Carcinome thymique, SAI (C37.9);
M-8587/0;Thymome hamartomateux ectopique;
M-8588/3;Tumeur épithéliale fusiforme avec éléments d’allure thymique;
M-8589/3;Carcinome présentant des éléments d’allure thymique;
M-8590/1;Tumeur des cordons sexuels et du stroma gonadique, SAI;
M-8591/1;Tumeur des cordons sexuels et du stroma gonadique, partiellement différenciée;
M-8592/1;Tumeur des cordons sexuels et du stroma gonadique, formes mixtes;
M-8593/1;Tumeur du stroma gonadique avec peu d’éléments de cordons sexuels (C56.9);
M-8600/0;Thécome, SAI (C56.9);
M-8600/3;Thécome malin (C56.9);
M-8601/0;Thécome lutéinisé (C56.9);
M-8602/0;Tumeur stromale sclérosante (C56.9);
M-8610/0;Lutéome, SAI (C56.9);
M-8620/1;Tumeur de la granulosa de type adulte (C56.9);
M-8620/3;Tumeur maligne de la granulosa (C56.9);
M-8621/1;Tumeur de la granulosa et de la thèque (C56.9);
M-8622/1;Tumeur de la granulosa juvénile (C56.9);
M-8623/1;Tumeur des cordons sexuels avec tubules annulaires (C56.9);
M-8630/0;Androblastome bénin;
M-8630/1;Androblastome, SAI;
M-8630/3;Androblastome malin;
M-8631/0;Tumeur à cellules de Sertoli-Leydig, bien différenciée;
M-8631/1;Tumeur à cellules de Sertoli-Leydig de différenciation intermédiaire;
M-8631/3;Tumeur à cellules de Sertoli-Leydig, peu différenciée;
M-8632/1;Gynandroblastome (C56.9);
M-8633/1;Tumeur rétiforme à cellules de Sertoli-Leydig;
M-8634/1;Tumeur à cellules de Sertoli-Leydig, différenciation intermédiaire, avec éléments hétérologues;
M-8634/3;Tumeur à cellules de Sertoli-Leydig, peu différenciée, avec éléments hétérologues;
M-8640/1;Tumeur à cellules de Sertoli, SAI;
M-8640/3;Carcinome à cellules de Sertoli (C62.-);
M-8641/0;Tumeur à cellules de Sertoli lipidiques (C56.9);
M-8642/1;Androblastome calcifiant à grandes cellules;
M-8650/0;Tumeur bénigne à cellules de Leydig (C62.-);
M-8650/1;Tumeur à cellules de Leydig, SAI (C62.-);
M-8650/3;Tumeur maligne à cellules de Leydig (C62.-);
M-8660/0;Tumeur à cellules du hile (C56.9);
M-8670/0;Tumeur à cellules lipoïdiques de l’ovaire (C56.9);
M-8670/3;Tumeur maligne à cellules stéroïdiennes;
M-8671/0;Tumeur des vestiges surrénaliens;
M-8680/0;Paragangliome bénin;
M-8680/1;Paragangliome, SAI;
M-8680/3;Paragangliome malin;
M-8681/1;Paragangliome sympathique;
M-8682/1;Paragangliome parasympathique;
M-8683/0;Paragangliome gangliocytaire (C17.0);
M-8690/1;Tumeur du glomus jugulaire, SAI (C75.5);
M-8691/1;Tumeur du corpuscule aortique (C75.5);
M-8692/1;Tumeur du corpuscule carotidien (C75.4);
M-8693/1;Paragangliome extrasurrénalien, SAI;
M-8693/3;Paragangliome extrasurrénalien malin;
M-8700/0;Phéochromocytome, SAI (C74.1);
M-8700/3;Phéochromocytome malin (C74.1);
M-8710/3;Glomangiosarcome;
M-8711/0;Tumeur glomique, SAI;
M-8711/3;Tumeur glomique maligne;
M-8712/0;Glomangiome;
M-8713/0;Glomangiomyome;
M-8720/0;Nævus pigmentaire, SAI (C44.-);
M-8720/2;Mélanome in situ;
M-8720/3;Mélanome malin, SAI (à l’exception du mélanome juvénile M-8770/0);
M-8721/3;Mélanome nodulaire (C44.-);
M-8722/0;Nævus à cellules ballonisées (C44.-);
M-8722/3;Mélanome à cellules ballonisées (C44.-);
M-8723/0;Nævus en halo (C44.-);
M-8723/3;Mélanome malin régressant (C44.-);
M-8725/0;Neuronævus (C44.-);
M-8726/0;Nævus à grandes cellules (C69.4);
M-8727/0;Nævus dysplasique (C44.-);
M-8728/0;Mélanocytose diffuse (C70.9);
M-8728/1;Mélanocytome méningé (C70.9);
M-8728/3;Mélanomatose méningée (C70.9);
M-8730/0;Nævus achromique (C44.-);
M-8730/3;Mélanome achromique (C44.-);
M-8740/0;Nævus de jonction, SAI (C44.-);
M-8740/3;Mélanome malin sur enævus de jonction (C44.-);
M-8741/2;Mélanose précancéreuse, SAI (C44.-);
M-8741/3;Mélanome malin sur mélanose précancéreuse (C44.-);
M-8742/2;Lentigo malin (C44.-);
M-8742/3;Mélanome malin sur lentigo malin des vieillards (C44.-);
M-8743/3;Mélanome à extension superficielle (C44.-);
M-8744/3;Mélanome acral lentigineux malin (C44.-);
M-8745/3;Mélanome malin desmoplasique (C44.-);
M-8746/3;Mélanome muqueux lentigineux;
M-8750/0;Nævus intradermique (C44.-);
M-8760/0;Nævus mixte (C44.-);
M-8761/0;Petit nævus congénital (C44.-);
M-8761/1;Nævus pigmentaire géant, SAI (C44.-);
M-8761/3;Mélanome malin sur nævus pigmentaire géant (C44.-);
M-8762/1;Lésion dermique proliférative sur nævus congénital (C44.-);
M-8770/0;Nævus à cellules épithélioïdes et à cellules fusiformes (C44.-);
M-8770/3;Mélanome à cellules épithélioïdes et à cellules fusiformes;
M-8771/0;Nævus à cellules épithélioïdes (C44.-);
M-8771/3;Mélanome à cellules épithélioïdes;
M-8772/0;Nævus à cellules fusiformes, SAI (C44.-);
M-8772/3;Mélanome à cellules fusiformes, SAI;
M-8773/3;Mélanome à cellules fusiformes de type A (C69.-);
M-8774/3;Mélanome à cellules fusiformes de type B (C69.-);
M-8780/0;Nævus bleu, SAI (C44.-);
M-8780/3;Nævus bleu malin (C44.-);
M-8790/0;Nævus bleu cellulaire (C44.-);
M-8800/0;Tumeur bénigne des tissus mous;
M-8800/3;Sarcome, SAI;
M-8800/9;Sarcomatose, SAI;
M-8801/3;Sarcome à cellules fusiformes;
M-8802/3;Sarcome à cellules géantes (à l’exception de l’os M-9250/3);
M-8803/3;Sarcome à petites cellules;
M-8804/3;Sarcome épithélioïde;
M-8805/3;Sarcome indifférencié;
M-8806/3;Tumeur desmoplastique à petites cellules rondes;
M-8810/0;Fibrome, SAI;
M-8810/1;Fibrome cellulaire (C56.9);
M-8810/3;Fibrosarcome, SAI;
M-8811/0;Fibromyxome;
M-8811/3;Fibromyxosarcome;
M-8812/0;Fibrome périostique (C40.-, C41.-);
M-8812/3;Fibrosarcome périostique (C40.-, C41.-);
M-8813/0;Fibrome des fascias;
M-8813/3;Fibrosarcome des fascias;
M-8814/3;Fibrosarcome infantile;
M-8815/0;Tumeur fibreuse solitaire;
M-8815/3;Tumeur fibreuse solitaire maligne;
M-8820/0;Élastofibrome;
M-8821/1;Fibromatose agressive;
M-8822/1;Fibromatose abdominale;
M-8823/0;Fibrome desmoplasique;
M-8824/0;Myofibrome;
M-8824/1;Myofibromatose;
M-8825/0;Myofibroblastome;
M-8825/1;Tumeur myofibroblastique, SAI;
M-8826/0;Angiomyofibroblastome;
M-8827/1;Tumeur myofibroblastique péribronchique (C34.-);
M-8830/0;Histiocytome fibreux bénin;
M-8830/1;Histiocytome fibreux atypique;
M-8830/3;Histiocytome fibreux malin;
M-8831/0;Histiocytome, SAI;
M-8832/0;Dermatofibrome, SAI (C44.-);
M-8832/3;Dermatofibrosarcome, SAI (C44.-);
M-8833/3;Dermatofibrosarcome protubérant pigmenté (C44.-);
M-8834/1;Fibroblastome à cellules géantes;
M-8835/1;Tumeur fibrohistiocytaire plexiforme;
M-8836/1;Histiocytome fibreux angiomatoïde;
M-8840/0;Myxome, SAI;
M-8840/3;Myxosarcome;
M-8841/1;Angiomyxome;
M-8842/0;Tumeur fibromyxoïde ossifiante;
M-8850/0;Lipome, SAI;
M-8850/1;Lipome atypique;
M-8850/3;Liposarcome, SAI;
M-8851/0;Fibrolipome;
M-8851/3;Liposarcome bien différencié;
M-8852/0;Fibromyxolipome;
M-8852/3;Liposarcome myxoïde;
M-8853/3;Liposarcome à cellules rondes;
M-8854/0;Lipome pléomorphe;
M-8854/3;Liposarcome pléomorphe;
M-8855/3;Liposarcome à cellularité mixte;
M-8856/0;Lipome intramusculaire;
M-8857/0;Lipome à cellules fusiformes;
M-8857/3;Liposarcome fibroblastique;
M-8858/3;Liposarcome dédifférencié;
M-8860/0;Angiomyolipome;
M-8861/0;Angiolipome, SAI;
M-8862/0;Lipome chondroïde;
M-8870/0;Myélolipome;
M-8880/0;Hibernome;
M-8881/0;Lipoblastomatose;
M-8890/0;Léiomyome, SAI;
M-8890/1;Léiomyomatose, SAI;
M-8890/3;Léiomyosarcome, SAI;
M-8891/0;Léiomyome épithélioïde;
M-8891/3;Léiomyosarcome épithélioïde;
M-8892/0;Léiomyome cellulaire;
M-8893/0;Léiomyome bizarre;
M-8894/0;Angiomyome;
M-8894/3;Angiomyosarcome;
M-8895/0;Myome;
M-8895/3;Myosarcome;
M-8896/3;Leiomyosarcome myxoïde;
M-8897/1;Tumeur des muscles lisses à potentiel malin incertain;
M-8898/1;Leiomyome métastasant;
M-8900/0;Rhabdomyome, SAI;
M-8900/3;Rhabdomyosarcome, SAI;
M-8901/3;Rhabdomyosarcome pléomorphe de type l’adulte;
M-8902/3;Rhabdomyosarcome à cellularité mixte;
M-8903/0;Rhabdomyome foetal;
M-8904/0;Rhabdomyome adulte;
M-8905/0;Rhabdomyome génital (C51.-, C52.9);
M-8910/3;Rhabdomyosarcome embryonnaire, SAI;
M-8912/3;Rhabdomyosarcome à cellules fusiformes;
M-8920/3;Rhabdomyosarcome alvéolaire;
M-8921/3;Rhabdomyosarcome avec différenciation ganglionnaire;
M-8930/0;Nodule du stroma endométrial (C54.1);
M-8930/3;Sarcome du stroma endométrial , SAI (C54.1);
M-8931/3;Sarcome du stroma endométrial de bas grade (C54.1);
M-8932/0;Adénomyome;
M-8933/3;Adénosarcome;
M-8934/3;Carcinofibrome;
M-8935/0;Tumeur stromale bénigne;
M-8935/1;Tumeur stromale, SAI;
M-8935/3;Sarcome stromal, SAI;
M-8936/0;Tumeur bénigne du stroma gastro-intestinal;
M-8936/1;Tumeur du stroma gastro-intestinal, SAI;
M-8936/3;Sarcome du stroma gastro-intestinal;
M-8940/0;Adénome polymorphe;
M-8940/3;Tumeur mixte maligne, SAI;
M-8941/3;Carcinome sur adénome pléomorphe (C07.-, C08.-);
M-8950/3;Mulleroblastome (C54.-);
M-8951/3;Tumeur mixte mésodermique;
M-8959/0;Néphrome kystique bénin (C64.9);
M-8959/1;Néphroblastome kystique partiellement différencié (C64.9);
M-8959/3;Néphrome kystique malin (C64.9);
M-8960/1;Néphrome mésoblastique;
M-8960/3;Néphroblastome, SAI (C64.9);
M-8963/3;Tumeur rhabdoïde maligne;
M-8964/3;Sarcome à cellules claires du rein (C64.9);
M-8965/0;Adénofibrome néphrogène (C64.9);
M-8966/0;Tumeur à cellules interstitielles rénomédullaires (C64.9);
M-8967/0;Tumeur rénale ossifiante (C64.9);
M-8970/3;Hépatoblastome (C22.0);
M-8971/3;Pancréatoblastome (C25.-);
M-8972/3;Blastome pulmonaire (C34.-);
M-8973/3;Blastome pleuropulmonaire;
M-8974/1;Sialoblastome;
M-8980/3;Carcinosarcome, SAI Esthésio-neuroblastome (C30.0);
M-8981/3;Carcinosarcome de type embryonnaire;
M-8982/0;Myoépithéliome;
M-8982/3;Myoépithéliome malin;
M-8983/0;Adénomyoépithéliome (C50.-);
M-8990/0;Mésenchymome bénin;
M-8990/1;Mésenchymome, SAI;
M-8990/3;Mésenchymome malin;
M-8991/3;Sarcome embryonnaire;
M-9000/0;Tumeur de Brenner, SAI (C56.9);
M-9000/1;Tumeur de Brenner à la limite de la malignité (C56.9);
M-9000/3;Tumeur de Brenner maligne (C56.9);
M-9010/0;Fibroadénome, SAI (C50.-);
M-9011/0;Fibroadénome intracanaliculaire, (C50.-);
M-9012/0;Fibroadénome péricanaliculaire (C50.-);
M-9013/0;Adénofibrome, SAI;
M-9014/0;Adénofibrome séreux, SAI;
M-9014/1;Adénofibrome séreux à la limite de la malignité;
M-9014/3;Adénocarcinofibrome séreux;
M-9015/0;Adénofibrome mucineux, SAI;
M-9015/1;Adénofibrome mucineux à la limite de la malignité;
M-9015/3;Adénocarcinofibrome mucineux;
M-9016/0;Fibro-adénome géant (C50.-);
M-9020/0;Tumeur phyllode bénigne (C50.-);
M-9020/1;Tumeur phyllode à la limite de la malignité (C50.-);
M-9020/3;Tumeur phyllode maligne (C50.-);
M-9030/0;Fibroadénome juvénile (C50.-);
M-9040/0;Synoviome bénin;
M-9040/3;Sarcome synovial, SAI;
M-9041/3;Sarcome synovial à cellules fusiformes;
M-9042/3;Sarcome synovial à cellules épithélioïdes;
M-9043/3;Sarcome synovial biphasique;
M-9044/3;Sarcome à cellules claires (sauf du rein, voir M-8964/3);
M-9050/0;Mésothéliome bénin;
M-9050/3;Mésothéliome malin;
M-9051/0;Mésothéliome fibreux bénin;
M-9051/3;Mésothéliome fibreux malin;
M-9052/0;Mésothéliome épithélioïde bénin;
M-9052/3;Mésothéliome épithélioïde malin;
M-9053/3;Mésothéliome biphasique malin;
M-9054/0;Tumeur adénomatoïde, SAI;
M-9055/0;Mésothéliome polykystique bénin;
M-9055/1;Mésothéliome kystique, SAI (C48.-);
M-9060/3;Dysgerminome;
M-9061/3;Séminome, SAI (C62.-);
M-9062/3;Séminome anaplasique (C62.-);
M-9063/3;Séminome spermatocytaire (C62.-);
M-9064/2;Cellules germinales intratubulaires malignes (C62.-);
M-9064/3;Germinome;
M-9065/3;Tumeur à cellules germinales, non séminomateuse (C62.-);
M-9070/3;Carcinome embryonnaire, SAI;
M-9071/3;Tumeur vitelline;
M-9072/3;Polyembryome;
M-9073/1;Gonadoblastome;
M-9080/0;Tératome bénin;
M-9080/1;Tératome, SAI;
M-9080/3;Tératome malin, SAI;
M-9081/3;Tératocarcinome;
M-9082/3;Tératome malin indifférencié;
M-9083/3;Tératome malin de type intermédiaire;
M-9084/0;Kyste dermoïde, SAI;
M-9084/3;Kyste dermoïde avec transformation maligne (C56.9);
M-9085/3;Tumeur mixte des cellules germinales;
M-9090/0;Goitre ovarien, SAI (C56.9);
M-9090/3;Goitre ovarien cancérisé (C56.9);
M-9091/1;Carcinoïde et goitre ovarien (C56.9);
M-9100/0;Môle hydatiforme, SAI (C58.9);
M-9100/1;Môle hydatiforme invasive, SAI (C58.9);
M-9100/3;Choriocarcinome, SAI;
M-9101/3;Choriocarcinome avec autres éléments à cellules germinales;
M-9102/3;Tératome malin trophoblastique;
M-9103/0;Môle hydatiforme partielle (C58.9);
M-9104/1;Tumeur trophoblastique du site placentaire (C58.9);
M-9105/3;Tumeur trophoblastique épithélioïde;
M-9110/0;Mésonéphrome bénin;
M-9110/1;Tumeur mésonéphrique, SAI;
M-9110/3;Mésonéphrome malin;
M-9120/0;Hémangiome, SAI;
M-9120/3;Hémangiosarcome;
M-9121/0;Hémangiome caverneux;
M-9122/0;Hémangiome veineux;
M-9123/0;Hémangiome racémeux;
M-9124/3;Sarcome à cellules de Kupffer (C22.0);
M-9125/0;Hémangiome épithélioïde;
M-9130/0;Hémangioendothéliome bénin;
M-9130/1;Hémangioendothéliome, SAI;
M-9130/3;Hémangioendothéliome malin;
M-9131/0;Hémangiome capillaire;
M-9132/0;Hémangiome intramusculaire;
M-9133/1;Hémangioendothéliome épithélioïde, SAI;
M-9133/3;Hémangioendothéliome épithélioïde malin;
M-9135/1;Angioendothéliome papillaire endovasculaire;
M-9136/1;Hémangioendothéliome à cellules fusiformes;
M-9140/3;Sarcome de Kaposi;
M-9141/0;Angiokératome;
M-9142/0;Hémangiome verruqueux kératosique;
M-9150/0;Hémangiopéricytome bénin;
M-9150/1;Hémangiopéricytome, SAI;
M-9150/3;Hémangiopéricytome malin;
M-9160/0;Angiofibrome, SAI;
M-9161/0;Hémangiome pelotonné acquis;
M-9161/1;Hémangioblastome;
M-9170/0;Lymphangiome, SAI;
M-9170/3;Lymphangiosarcome;
M-9171/0;Lymphangiome capillaire;
M-9172/0;Lymphangiome caverneux;
M-9173/0;Lymphangiome kystique;
M-9174/0;Lymphangiomyome;
M-9174/1;Lymphangiomyomatose;
M-9175/0;Hémolymphangiome;
M-9180/0;Ostéome, SAI (C40.-, C41.-);
M-9180/3;Ostéosarcome, SAI (C40.-, C41.-);
M-9181/3;Ostéosarcome chondroblastique (C40.-, C41.-);
M-9182/3;Ostéosarcome fibroblastique (C40.-, C41.-);
M-9183/3;Ostéosarcome télangiectasique (C40.-, C41.-);
M-9184/3;Ostéosarcome sur maladie de Paget de l’os (C40.-, C41.-);
M-9185/3;Ostéosarcome à petites cellules (C40.-, C41.-);
M-9186/3;Ostéosarcome central (C40.-, C41.-);
M-9187/3;Ostéosarcome intra-osseux bien différencié (C40.-, C41.-);
M-9191/0;Ostéome ostéoïde, SAI (C40.-, C41.-);
M-9192/3;Ostéosarcome parostéal (C40.-, C41.-);
M-9193/3;Ostéosarcome périosté (C40.-, C41.-);
M-9194/3;Ostéosarcome de surface de haut grade (C40.-, C41.-);
M-9195/3;Ostéosarcome intracortical (C40.-, C41.-);
M-9200/0;Ostéoblastome, SAI (C40.-, C41.-);
M-9200/1;Ostéoblastome agressif (C40.-, C41.-);
M-9210/0;Ostéochondrome (C40.-, C41.-);
M-9210/1;Ostéochondromatose, SAI (C40.-, C41.-);
M-9220/0;Chondrome, SAI (C40.-, C41.-);
M-9220/1;Chondromatose, SAI;
M-9220/3;Chondrosarcome, SAI (C40.-, C41.-);
M-9221/0;Chondrome juxtacortical (C40.-, C41.-);
M-9221/3;Chondrosarcome juxtacortical (C40.-, C41.-);
M-9230/0;Chondroblastome, SAI (C40.-, C41.-);
M-9230/3;Chondroblastome malin (C40.-, C41.-);
M-9231/3;Chondrosarcome myxoïde;
M-9240/3;Chondrosarcome mésenchymateux;
M-9241/0;Fibrome chondromyxoïde (C40.-, C41.-);
M-9242/3;Chondrosarcome à cellules claires (C40.-, C41.-);
M-9243/3;Chondrosarcome dédifférencié (C40.-, C41.-);
M-9250/1;Tumeur à cellules géantes de l’os, SAI (C40.-, C41.-);
M-9250/3;Tumeur maligne à cellules géantes de l’os (C40.-, C41.-);
M-9251/1;Tumeur à cellules géantes des tissus mous, SAI;
M-9251/3;Tumeur maligne à cellules géantes des tissus mous;
M-9252/0;Tumeur ténosynoviale à cellules géantes (C49.-);
M-9252/3;Tumeur ténosynoviale maligne à cellules géantes (C49.-);
M-9260/3;Sarcome d’Ewing;
M-9261/3;Adamantinome des os longs (C40.-);
M-9262/0;Fibrome ossifiant;
M-9270/0;Tumeur odontogène bénigne;
M-9270/1;Tumeur odontogène, SAI;
M-9270/3;Tumeur odontogène maligne;
M-9271/0;Fibrodentinome améloblastique;
M-9272/0;Cémentome, SAI;
M-9273/0;Cémentoblastome bénin;
M-9274/0;Fibrome cémentifiant;
M-9275/0;Cémentome géant;
M-9280/0;Odontome, SAI;
M-9281/0;Odontome composé;
M-9282/0;Odontome complexe;
M-9290/0;Fibro-odontome améloblastique;
M-9290/3;Odontosarcome améloblastique;
M-9300/0;Tumeur odontogène adénomatoïde;
M-9301/0;Kyste odontogène calcifiant;
M-9302/0;Tumeur odontogène à cellules fantômes;
M-9310/0;Améloblastome, SAI;
M-9310/3;Améloblastome malin;
M-9311/0;Odontoaméloblastome;
M-9312/0;Tumeur odontogène kératinisée;
M-9320/0;Myxome odontogène;
M-9321/0;Fibrome odontogène central, SAI;
M-9322/0;Fibrome odontogène périphérique;
M-9330/0;Fibrome améloblastique;
M-9330/3;Fibrosarcome améloblastique;
M-9340/0;Tumeur odontogène épithéliale calcifiante;
M-9341/1;Tumeur odontogène à cellules claires;
M-9342/3;Carcinosarcome odontogène;
M-9350/1;Craniopharyngiome (C75.2);
M-9351/1;Craniopharyngiome adamantinomateux (C75.2);
M-9352/1;Craniopharyngiome papillaire (C75.2);
M-9360/1;Pinéalome (C75.3);
M-9361/1;Pinéalocytome (C75.3);
M-9362/3;Pinéaloblastome (C75.3);
M-9363/0;Tumeur mélanotique neuroectodermique;
M-9364/3;Tumeur neuroectodermique périphérique;
M-9365/3;Tumeur de Askin;
M-9370/3;Chordome, SAI;
M-9371/3;Chordome chondroïde;
M-9372/3;Chordome dédifférencié;
M-9373/0;Parachordome;
M-9380/3;Gliome malin (C71.-);
M-9381/3;Gliomatose du cerveau (C71.-);
M-9382/3;Gliome mixte (C71.-);
M-9383/1;Subependymome (C71.-);
M-9384/1;Astrocytome sous-épendymaire à cellules géantes (C71.-);
M-9390/0;Papillome des plexus choroïdes, SAI (C71.5);
M-9390/1;Papillome atypique des plexus choroïdes (C71.5);
M-9390/3;Carcinome des plexus choroïdes (C71.5);
M-9391/3;Épendymome, SAI (C71.-);
M-9392/3;Épendymome anaplasique (C71.-);
M-9393/3;Épendymome papillaire (C71.-);
M-9394/1;Épendymome myxopapillaire (C72.0);
M-9400/3;Astrocytome, SAI (C71.-);
M-9401/3;Astrocytome anaplasique (C71.-);
M-9410/3;Astrocytome protoplasmique (C71.-);
M-9411/3;Astrocytome gémistocytique (C71.-);
M-9412/1;Astrocytome desmoplastique infantile (C71.-);
M-9413/0;Tumeur neuroépithéliale dysembryoplasique;
M-9420/3;Astrocytome fibrillaire (C71.-);
M-9421/1;Astrocytome pilocytique (C71.-);
M-9423/3;Spongioblastome polaire (C71.-);
M-9424/3;Xanthoastrocytome pléomorphe (C71.-);
M-9430/3;Astroblastome (C71.-);
M-9440/3;Glioblastome, SAI (C71.-);
M-9441/3;Glioblastome à cellules géantes (C71.-);
M-9442/1;Gliofibrome (C71.-);
M-9442/3;Gliosarcome (C71.-);
M-9444/1;Gliome chordoïde (C71.-);
M-9450/3;Oligodendrogliome, SAI (C71.-);
M-9451/3;Oligodendrogliome , anaplasique (C71.-);
M-9460/3;Oligodendroblastome [obs] (C71.-);
M-9470/3;Médulloblastome, SAI (C71.6);
M-9471/3;Médulloblastome nodulaire desmoplastique (C71.6);
M-9472/3;Médullomyoblastome (C71.6);
M-9473/3;Tumeur neuroectodermique primitive, SAI;
M-9474/3;Médulloblastome à grandes cellules (C71.6);
M-9480/3;Sarcome cérébelleux, SAI  (C71.6) [obs];
M-9490/0;Ganglioneurome;
M-9490/3;Ganglioneuroblastome;
M-9491/0;Ganglioneuromatose;
M-9492/0;Gangliocytome;
M-9493/0;Gangliocytome dysplasique du cervelet (maladie de J. Lhermitte et Duclos) (C71.6);
M-9500/3;Neuroblastome, SAI;
M-9501/0;Médulloépithéliome bénin (C69.4);
M-9501/3;Médullo-épithéliome, SAI;
M-9502/0;Médullo-épithéliome tératoïde bénin (C69.4);
M-9502/3;Médullo-épithéliome tératoïde;
M-9503/3;Neuroépithéliome, SAI;
M-9504/3;Spongioneuroblastome;
M-9505/1;Gangliogliome, SAI;
M-9505/3;Gangliogliome anaplasique;
M-9506/1;Neurocytome central;
M-9507/0;Tumeur des corpuscules de Pacini;
M-9508/3;Tumeur rhabdoïde/tératoïde atypique (C71.-);
M-9510/0;Rétinocytome (C69.2);
M-9510/3;Rétinoblastome, SAI (C69.2);
M-9511/3;Rétinoblastome différencié (C69.2);
M-9512/3;Rétinoblastome indifférencié (C69.2);
M-9513/3;Rétinoblastome diffus (C69.2);
M-9514/1;Rétinoblastome à régression spontanée (C69.2);
M-9520/3;Tumeur neurogénique olfactive;
M-9521/3;Neurocytome olfactif (C30.0);
M-9522/3;Neuroblastome olfactif (C30.0);
M-9523/3;Neuroépithéliome olfactif (C30.0);
M-9530/0;Méningiome, SAI;
M-9530/1;Méningiomatose, SAI;
M-9530/3;Méningiome malin;
M-9531/0;Méningiome méningothélial;
M-9532/0;Méningiome fibreux;
M-9533/0;Méningiome psammomateux;
M-9534/0;Méningiome angiomateux;
M-9535/0;Méningiome hémangioblastique [obs];
M-9537/0;Méningiome transitionel;
M-9538/1;Méningiome à cellules claires;
M-9538/3;Méningiome papillaire;
M-9539/1;Méningiome atypique;
M-9539/3;Sarcomatose méningée;
M-9540/0;Neurofibrome, SAI;
M-9540/1;Neurofibromatose, SAI;
M-9540/3;Tumeur maligne de la gaine des nerfs périphériques;
M-9541/0;Neurofibrome mélanotique;
M-9550/0;Neurofibrome plexiforme;
M-9560/0;Neurilemmome, SAI;
M-9560/1;Neurinomatose;
M-9560/3;Neurilemmome malin [obs];
M-9561/3;Tumeur maligne de la gaine des nerfs périphériques avec différenciation rhabdomyoblastique;
M-9562/0;Neurothécome;
M-9570/0;Névrome, SAI;
M-9571/0;Périneurome, SAI;
M-9571/3;Périneurome malin;
M-9580/0;Tumeur à cellules granuleuses, SAI;
M-9580/3;Tumeur maligne à cellules granuleuses;
M-9581/3;Sarcome alvéolaire des tissus mous;
M-9582/0;Tumeur à cellules granuleuses de la région sellaire (C75.1);
M-9590/3;Lymphome malin, SAI;
M-9591/3;Lymphome malin non-hodgkinien, SAI;
M-9596/3;Lymphome à composante hodgkinienne et non-hodgkinienne;
M-9650/3;Lymphome de Hodgkin, SAI;
M-9651/3;Lymphome de Hodgkin riche en lymphocytes;
M-9652/3;Lymphome de Hodgkin, à cellularité mixte, SAI;
M-9653/3;Lymphome de Hodgkin, à déplétion lymphoïde, SAI;
M-9654/3;Lymphome de Hodgkin, à déplétion lymphoïde, type fibrose diffuse;
M-9655/3;Lymphome de Hodgkin, à déplétion lymphoïde, type réticulaire;
M-9659/3;Lymphome de Hodgkin à prédominance lymphocytaire, forme nodulaire;
M-9661/3;Granulome hodgkinien [obs];
M-9662/3;Sarcome hodgkinien [obs];
M-9663/3;Lymphome de Hodgkin, sclérose nodulaire, SAI;
M-9664/3;Lymphome de Hodgkin, sclérose nodulaire, phase cellulaire;
M-9665/3;Lymphome de Hodgkin, sclérose nodulaire, grade 1;
M-9667/3;Lymphome de Hodgkin, sclérose nodulaire, grade 2;
M-9670/3;Lymphome malin à petits lymphocytes B, SAI (voir aussi M-9823/3);
M-9671/3;Lymphome malin lymphoplasmocytoïde (voir aussi M-9761/3);
M-9673/3;Lymphome à cellules du manteau;
M-9675/3;Lymphome malin diffus mixte à petites et grandes cellules [obs] (voir aussi M-9690/3);
M-9678/3;Lymphome malin à épanchement primaire;
M-9679/3;Lymphome médiastinal à grandes cellules B (C38.3);
M-9680/3;Lymphome malin diffus à grandes cellules B, SAI;
M-9684/3;Lymphome malin immunoblastique diffus à grandes cellules B, SAI;
M-9687/3;Lymphome de Burkitt, SAI (voir aussi M-9826/3);
M-9689/3;Lymphome à cellules B de la zone marginale splénique (C42.2);
M-9690/3;Lymphome folliculaire, SAI (voir aussi M-9675/3);
M-9691/3;Lymphome folliculaire, grade 2;
M-9695/3;Lymphome folliculaire, grade 1;
M-9698/3;Lymphome folliculaire, grade 3;
M-9699/3;Lymphome de la zone marginale à cellules B, SAI;
M-9700/3;Mycosis fongoïde (C44.-);
M-9701/3;Maladie de Sézary;
M-9702/3;Lymphome à cellules T matures, SAI;
M-9705/3;Lymphome angioimmunoblastique à cellules T;
M-9708/3;Lymphome à cellules T simulant une panniculite;
M-9709/3;Lymphome cutané à cellules T, SAI (C44.-);
M-9714/3;Lymphome anaplasique à grandes cellules, à cellules T et cellules nulles;
M-9716/3;Lymphome hépatosplénique à cellule ? d (gamma-delta);
M-9717/3;Lymphome intestinal à cellules T;
M-9718/3;Syndrome lymphoprolifératif cutané primitif à cellules T CD30+;
M-9719/3;Lymphome à cellules T/NK, type nasal;
M-9727/3;Lymphome lymphoblastique à cellules précurseurs, SAI (voir aussi M-9835/3);
M-9728/3;Lymphome lymphoblastique à cellules précurseurs B (voir aussi M-9836/3);
M-9729/3;Lymphome lymphoblastique à cellules précurseurs T (voir aussi M-9837/3);
M-9731/3;Plasmocytome, SAI;
M-9732/3;Myélome multiple (C42.1);
M-9733/3;Leucémie à plasmocytes (C42.1);
M-9734/3;Plasmocytome extramédullaire (ne survenant pas dans l’os);
M-9740/1;Mastocytome, SAI;
M-9740/3;Sarcome à mastocytes;
M-9741/3;Mastocytose maligne;
M-9742/3;Leucémie à mastocytes (C42.1);
M-9750/3;Histiocytose maligne;
M-9751/1;Histiocytose à cellules de Langerhans, SAI;
M-9752/1;Histiocytose à cellules de Langerhans, unifocale;
M-9753/1;Histiocytose à cellules de Langerhans, multifocale;
M-9754/3;Histiocytose à cellules de Langerhans, disséminée;
M-9755/3;Sarcome histiocytaire;
M-9756/3;Sarcome à cellules de Langerhans;
M-9757/3;Sarcome à cellules dendritiques interdigitées;
M-9758/3;Sarcome folliculaire à cellules dendritiques;
M-9760/3;Maladie immunoproliférative, SAI;
M-9761/3;Macroglobulinémie de Waldenström (C42.0) (voir aussi M-9671/3);
M-9762/3;Maladie des chaînes lourdes, SAI;
M-9764/3;Maladie immunoproliférative de l’intestin grêle (C17.-);
M-9765/1;Gammapathie monoclonale de signification indéterminée;
M-9766/1;Lésion immunoproliférative angiocentrique;
M-9767/1;Lymphadénopathie angioimmunoblastique;
M-9768/1;Maladie lymphoproliférative gamma-T;
M-9769/1;Maladie à dépôts d’immunoglobulines;
M-9800/3;Leucémie, SAI;
M-9801/3;Leucémie aiguë, SAI;
M-9805/3;Leucémie biphénotypique aiguë;
M-9820/3;Leucémie lymphoïde, SAI;
M-9823/3;Leucémie lymphoïde chronique à cellules B/lymphome à petits lymphocytes (voir aussi M-9670/3);
M-9826/3;Leucémie à cellules de Burkitt (voir aussi M-9687/3);
M-9827/3;Leucémie/lymphome à cellules T, type adulte (HTLV-1 positif) incluant toutes les variétés;
M-9831/1;Leucémie lymphoïde à grandes cellules T granuleuses;
M-9832/3;Leucémie prolymphocytaire, SAI;
M-9833/3;Leucémie prolymphocytaire à cellules B;
M-9834/3;Leucémie prolymphocytaire à cellules T;
M-9835/3;Leucémie lymphoblastique à cellules précurseurs, SAI (voir aussi M-9727/3);
M-9836/3;Leucémie lymphoblastique à cellules précurseurs B (voir aussi M-9728/3);
M-9837/3;Leucémie lymphoblastique à cellules précurseurs T (voir aussi M-9729/3);
M-9840/3;Leucémie myéloïde aiguë, type M6;
M-9860/3;Leucémie myéloïde, SAI;
M-9861/3;Leucémie aiguë myéloïde, SAI (type FAB ou OMS  non précisé) (voir aussi M-9930/3);
M-9863/3;Leucémie myéloïde chronique, SAI;
M-9866/3;Leucémie promyélocytaire aiguë, t(15;17)(q22;q11-12);
M-9867/3;Leucémie aiguë myélomonocytaire;
M-9870/3;Leucémie aiguë à basophiles;
M-9871/3;Leucémie myéloïde aiguë avec éosinophiles médullaires anormaux;
M-9872/3;Leucémie aiguë myéloïde, à différenciation minimale;
M-9873/3;Leucémie aiguë myéloïde sans maturation;
M-9874/3;Leucémie aiguë myéloïde avec maturation;
M-9875/3;Leucémie myélogène chronique, ABL-BCR positif;
M-9876/3;Leucémie myéloïde chronique atypique, ABL-BCR négatif;
M-9891/3;Leucémie aiguë monocytaire;
M-9895/3;Leucémie myéloïde aiguë avec dysplasie de plusieurs lignées cellulaires;
M-9896/3;Leucémie myéloïde aiguë, t(8;21)(q22;q22);
M-9897/3;Leucémie myéloïde aiguë, anomalies 11q23;
M-9910/3;Leucémie mégacaryoblastique aiguë;
M-9920/3;Leucémie myéloïde aiguë secondaire à une thérapie, SAI;
M-9930/3;Sarcome myéloïde (voir aussi M-9861/3);
M-9931/3;Panmyélose aiguë avec myélofibrose (C42.1);
M-9940/3;Leucémie à tricholeucocytes (C42.1);
M-9945/3;Leucémie chronique myélomonocytaire, SAI;
M-9946/3;Leucémie myélomonocytaire juvénile;
M-9948/3;Leucémie agressive à cellules NK;
M-9950/3;Polycythémie vraie;
M-9960/3;Maladie myéloproliférative chronique, SAI;
M-9961/3;Myélosclérose avec métaplasie myéloïde;
M-9962/3;Thrombocythémie essentielle;
M-9963/3;Leucémie chronique à polynucléaires neutrophiles;
M-9964/3;Syndrome hyperéosinophilique;
M-9970/1;Syndrome lymphoprolifératif, SAI;
M-9975/1;Maladie myéloproliférative, SAI;
M-9980/3;Anémie réfractaire;
M-9982/3;Anémie réfractaire avec sidéroblastes;
M-9983/3;Anémie réfractaire avec excès de blastes;
M-9984/3;Anémie réfractaire avec excès de blastes en transformation [obs];
M-9985/3;Anémie réfractaire avec dysplasie de plusieurs lignées cellulaires;
M-9986/3;Syndrome myélodysplasique avec syndrome de délétion du bras court du chromosome 5 (5q-);
M-9987/3;Syndrome myélodysplasique secondaire à une thérapie, SAI;
M-9989/3;Syndrome myélodysplasique, SAI;
